t_epoch,iso_time,t_elapsed_s,depth_m,depth_target_m,depth_err_m,yaw_deg,yaw_target_deg,yaw_err_deg,surge_cmd,heave_cmd,yaw_cmd,throttle_pct
1785506293.0985,2026-07-31T09:58:13.098,0.000,0.5032,0.5000,+0.0032,20.90,20.00,-0.90,+1.000,-0.346,+0.000,30.0
1785506293.1979,2026-07-31T09:58:13.198,0.100,0.5029,0.5000,+0.0029,21.01,20.00,-1.01,+1.000,-0.347,+0.000,30.0
1785506293.2976,2026-07-31T09:58:13.297,0.199,0.5035,0.5000,+0.0035,21.03,20.00,-1.03,+1.000,-0.346,+0.000,30.0
1785506293.3987,2026-07-31T09:58:13.398,0.300,0.5006,0.5000,+0.0006,20.96,20.00,-0.96,+1.000,-0.352,+0.000,30.0
1785506293.4978,2026-07-31T09:58:13.497,0.399,0.5112,0.5000,+0.0112,20.65,20.00,-0.65,+1.000,-0.330,+0.000,30.0
1785506293.5969,2026-07-31T09:58:13.596,0.499,0.5049,0.5000,+0.0049,20.50,20.00,-0.50,+1.000,-0.343,+0.000,30.0
1785506293.6977,2026-07-31T09:58:13.697,0.599,0.4727,0.5000,-0.0273,20.17,20.00,-0.17,+1.000,-0.408,+0.000,30.0
1785506293.7966,2026-07-31T09:58:13.796,0.698,0.5089,0.5000,+0.0089,20.09,20.00,-0.09,+1.000,-0.336,+0.000,30.0
1785506293.8955,2026-07-31T09:58:13.895,0.797,0.4955,0.5000,-0.0045,19.95,20.00,+0.05,+1.000,-0.363,+0.000,30.0
1785506293.9946,2026-07-31T09:58:13.994,0.896,0.5126,0.5000,+0.0126,20.14,20.00,-0.14,+1.000,-0.328,+0.000,30.0
1785506294.0935,2026-07-31T09:58:14.093,0.995,0.4988,0.5000,-0.0012,20.19,20.00,-0.19,+1.000,-0.356,+0.000,30.0
1785506294.1929,2026-07-31T09:58:14.192,1.095,0.4952,0.5000,-0.0048,20.35,20.00,-0.35,+1.000,-0.363,+0.000,30.0
1785506294.2922,2026-07-31T09:58:14.292,1.194,0.4874,0.5000,-0.0126,20.34,20.00,-0.34,+1.000,-0.379,+0.000,30.0
1785506294.3912,2026-07-31T09:58:14.391,1.293,0.4856,0.5000,-0.0144,20.31,20.00,-0.31,+1.000,-0.382,+0.000,30.0
1785506294.4909,2026-07-31T09:58:14.490,1.393,0.4656,0.5000,-0.0344,20.41,20.00,-0.41,+1.000,-0.424,+0.000,30.0
1785506294.5903,2026-07-31T09:58:14.590,1.492,0.4670,0.5000,-0.0330,20.51,20.00,-0.51,+1.000,-0.422,+0.000,30.0
1785506294.6892,2026-07-31T09:58:14.689,1.591,0.4484,0.5000,-0.0516,20.82,20.00,-0.82,+1.000,-0.461,+0.000,30.0
1785506294.7884,2026-07-31T09:58:14.788,1.690,0.4526,0.5000,-0.0474,20.95,20.00,-0.95,+1.000,-0.454,+0.000,30.0
1785506294.8872,2026-07-31T09:58:14.887,1.789,0.4543,0.5000,-0.0457,21.18,20.00,-1.18,+1.000,-0.453,+0.000,30.0
1785506294.9868,2026-07-31T09:58:14.986,1.888,0.4411,0.5000,-0.0589,21.47,20.00,-1.47,+1.000,-0.481,+0.000,30.0
1785506295.0853,2026-07-31T09:58:15.085,1.987,0.4443,0.5000,-0.0557,21.63,20.00,-1.63,+1.000,-0.477,+0.000,30.0
1785506295.1841,2026-07-31T09:58:15.184,2.086,0.4386,0.5000,-0.0614,21.99,20.00,-1.99,+1.000,-0.491,+0.000,30.0
1785506295.2836,2026-07-31T09:58:15.283,2.185,0.4525,0.5000,-0.0475,22.16,20.00,-2.16,+1.000,-0.465,+0.040,30.0
1785506295.3825,2026-07-31T09:58:15.382,2.284,0.4587,0.5000,-0.0413,22.55,20.00,-2.55,+1.000,-0.455,+0.047,30.0
1785506295.4812,2026-07-31T09:58:15.481,2.383,0.4678,0.5000,-0.0322,22.53,20.00,-2.53,+1.000,-0.438,+0.048,30.0
1785506295.5806,2026-07-31T09:58:15.580,2.482,0.4571,0.5000,-0.0429,22.40,20.00,-2.40,+1.000,-0.461,+0.047,30.0
1785506295.6790,2026-07-31T09:58:15.679,2.581,0.4758,0.5000,-0.0242,21.98,20.00,-1.98,+1.000,-0.424,+0.000,30.0
1785506295.7785,2026-07-31T09:58:15.778,2.680,0.4716,0.5000,-0.0284,21.68,20.00,-1.68,+1.000,-0.434,+0.000,30.0
1785506295.8773,2026-07-31T09:58:15.877,2.779,0.4891,0.5000,-0.0109,21.35,20.00,-1.35,+1.000,-0.399,+0.000,30.0
1785506295.9760,2026-07-31T09:58:15.976,2.878,0.4964,0.5000,-0.0036,21.20,20.00,-1.20,+1.000,-0.384,+0.000,30.0
1785506296.0766,2026-07-31T09:58:16.076,2.978,0.5161,0.5000,+0.0161,20.96,20.00,-0.96,+1.000,-0.345,+0.000,30.0
1785506296.1758,2026-07-31T09:58:16.175,3.077,0.5242,0.5000,+0.0242,20.90,20.00,-0.90,+1.000,-0.328,+0.000,30.0
1785506296.2748,2026-07-31T09:58:16.274,3.176,0.5278,0.5000,+0.0278,20.79,20.00,-0.79,+1.000,-0.320,+0.000,30.0
1785506296.3740,2026-07-31T09:58:16.374,3.276,0.5524,0.5000,+0.0524,20.72,20.00,-0.72,+1.000,-0.269,+0.000,30.0
1785506296.4736,2026-07-31T09:58:16.473,3.375,0.5696,0.5000,+0.0696,20.76,20.00,-0.76,+1.000,-0.232,+0.000,30.0
1785506296.5730,2026-07-31T09:58:16.573,3.475,0.5669,0.5000,+0.0669,20.78,20.00,-0.78,+1.000,-0.235,+0.000,30.0
1785506296.6721,2026-07-31T09:58:16.672,3.574,0.5854,0.5000,+0.0854,20.73,20.00,-0.73,+1.000,-0.194,+0.000,30.0
1785506296.7722,2026-07-31T09:58:16.772,3.674,0.5921,0.5000,+0.0921,20.70,20.00,-0.70,+1.000,-0.177,+0.000,30.0
1785506296.8712,2026-07-31T09:58:16.871,3.773,0.6000,0.5000,+0.1000,20.54,20.00,-0.54,+1.000,-0.158,+0.000,30.0
1785506296.9710,2026-07-31T09:58:16.971,3.873,0.6166,0.5000,+0.1166,20.47,20.00,-0.47,+1.000,-0.120,+0.000,30.0
1785506297.0706,2026-07-31T09:58:17.070,3.972,0.6275,0.5000,+0.1275,20.42,20.00,-0.42,+1.000,-0.094,+0.000,30.0
1785506297.1692,2026-07-31T09:58:17.169,4.071,0.6388,0.5000,+0.1388,20.32,20.00,-0.32,+1.000,-0.066,+0.000,30.0
1785506297.2679,2026-07-31T09:58:17.268,4.170,0.6443,0.5000,+0.1443,20.30,20.00,-0.30,+1.000,-0.049,+0.000,30.0
1785506297.3672,2026-07-31T09:58:17.367,4.269,0.6514,0.5000,+0.1514,20.30,20.00,-0.30,+1.000,-0.029,+0.000,30.0
1785506297.4670,2026-07-31T09:58:17.467,4.369,0.6611,0.5000,+0.1611,20.26,20.00,-0.26,+1.000,-0.003,+0.000,30.0
1785506297.5655,2026-07-31T09:58:17.565,4.467,0.6682,0.5000,+0.1682,20.23,20.00,-0.23,+1.000,+0.017,+0.000,30.0
1785506297.6644,2026-07-31T09:58:17.664,4.566,0.6809,0.5000,+0.1809,20.20,20.00,-0.20,+1.000,+0.050,+0.000,30.0
1785506297.7638,2026-07-31T09:58:17.763,4.665,0.6839,0.5000,+0.1839,20.23,20.00,-0.23,+1.000,+0.063,+0.000,30.0
1785506297.8623,2026-07-31T09:58:17.862,4.764,0.6945,0.5000,+0.1945,20.32,20.00,-0.32,+1.000,+0.092,+0.000,30.0
1785506297.9621,2026-07-31T09:58:17.962,4.864,0.7035,0.5000,+0.2035,20.34,20.00,-0.34,+1.000,+0.118,+0.000,30.0
1785506298.0614,2026-07-31T09:58:18.061,4.963,0.7043,0.5000,+0.2043,20.31,20.00,-0.31,+1.000,+0.127,+0.000,30.0
1785506298.1617,2026-07-31T09:58:18.161,5.063,0.7073,0.5000,+0.2073,20.37,20.00,-0.37,+1.000,+0.142,+0.000,30.0
1785506298.2607,2026-07-31T09:58:18.260,5.162,0.7105,0.5000,+0.2105,20.41,20.00,-0.41,+1.000,+0.156,+0.000,30.0
1785506298.3595,2026-07-31T09:58:18.359,5.261,0.7173,0.5000,+0.2173,20.45,20.00,-0.45,+1.000,+0.178,+0.000,30.0
1785506298.4590,2026-07-31T09:58:18.459,5.361,0.7238,0.5000,+0.2238,20.52,20.00,-0.52,+1.000,+0.200,+0.000,30.0
1785506298.5579,2026-07-31T09:58:18.557,5.460,0.7239,0.5000,+0.2239,20.76,20.00,-0.76,+1.000,+0.209,+0.000,30.0
1785506298.6572,2026-07-31T09:58:18.657,5.559,0.7272,0.5000,+0.2272,20.90,20.00,-0.90,+1.000,+0.225,+0.000,30.0
1785506298.7565,2026-07-31T09:58:18.756,5.658,0.7174,0.5000,+0.2174,21.16,20.00,-1.16,+1.000,+0.214,+0.000,30.0
1785506298.8555,2026-07-31T09:58:18.855,5.757,0.7229,0.5000,+0.2229,21.45,20.00,-1.45,+1.000,+0.233,+0.000,30.0
1785506298.9560,2026-07-31T09:58:18.956,5.858,0.7168,0.5000,+0.2168,21.63,20.00,-1.63,+1.000,+0.230,+0.000,30.0
1785506299.0553,2026-07-31T09:58:19.055,5.957,0.7125,0.5000,+0.2125,21.98,20.00,-1.98,+1.000,+0.230,+0.000,30.0
1785506299.1545,2026-07-31T09:58:19.154,6.056,0.7231,0.5000,+0.2231,22.10,20.00,-2.10,+1.000,+0.260,+0.038,30.0
1785506299.2533,2026-07-31T09:58:19.253,6.155,0.7149,0.5000,+0.2149,22.21,20.00,-2.21,+1.000,+0.252,+0.041,30.0
1785506299.3539,2026-07-31T09:58:19.354,6.256,0.7069,0.5000,+0.2069,22.01,20.00,-2.01,+1.000,+0.244,+0.038,30.0
1785506299.4527,2026-07-31T09:58:19.452,6.354,0.7107,0.5000,+0.2107,21.87,20.00,-1.87,+1.000,+0.260,+0.000,30.0
1785506299.5518,2026-07-31T09:58:19.551,6.453,0.7065,0.5000,+0.2065,21.65,20.00,-1.65,+1.000,+0.260,+0.000,30.0
1785506299.6514,2026-07-31T09:58:19.651,6.553,0.6892,0.5000,+0.1892,21.64,20.00,-1.64,+1.000,+0.233,+0.000,30.0
1785506299.7504,2026-07-31T09:58:19.750,6.652,0.6930,0.5000,+0.1930,21.71,20.00,-1.71,+1.000,+0.248,+0.000,30.0
1785506299.8494,2026-07-31T09:58:19.849,6.751,0.6988,0.5000,+0.1988,21.77,20.00,-1.77,+1.000,+0.267,+0.000,30.0
1785506299.9484,2026-07-31T09:58:19.948,6.850,0.6827,0.5000,+0.1827,21.95,20.00,-1.95,+1.000,+0.243,+0.000,30.0
1785506300.0491,2026-07-31T09:58:20.049,6.951,0.6894,0.5000,+0.1894,22.15,20.00,-2.15,+1.000,+0.264,+0.040,30.0
1785506300.1490,2026-07-31T09:58:20.149,7.051,0.6826,0.5000,+0.1826,22.23,20.00,-2.23,+1.000,+0.258,+0.042,30.0
1785506300.2476,2026-07-31T09:58:20.247,7.149,0.6669,0.5000,+0.1669,22.40,20.00,-2.40,+1.000,+0.233,+0.046,30.0
1785506300.3472,2026-07-31T09:58:20.347,7.249,0.6718,0.5000,+0.1718,22.32,20.00,-2.32,+1.000,+0.250,+0.045,30.0
1785506300.4475,2026-07-31T09:58:20.447,7.349,0.6588,0.5000,+0.1588,22.13,20.00,-2.13,+1.000,+0.230,+0.043,30.0
1785506300.5469,2026-07-31T09:58:20.547,7.449,0.6544,0.5000,+0.1544,21.85,20.00,-1.85,+1.000,+0.228,+0.000,30.0
1785506300.6461,2026-07-31T09:58:20.646,7.548,0.6561,0.5000,+0.1561,21.83,20.00,-1.83,+1.000,+0.237,+0.000,30.0
1785506300.7448,2026-07-31T09:58:20.744,7.646,0.6452,0.5000,+0.1452,21.93,20.00,-1.93,+1.000,+0.221,+0.000,30.0
1785506300.8440,2026-07-31T09:58:20.844,7.746,0.6529,0.5000,+0.1529,22.04,20.00,-2.04,+1.000,+0.242,+0.037,30.0
1785506300.9426,2026-07-31T09:58:20.942,7.844,0.6318,0.5000,+0.1318,22.27,20.00,-2.27,+1.000,+0.206,+0.042,30.0
1785506301.0417,2026-07-31T09:58:21.041,7.943,0.6455,0.5000,+0.1455,22.40,20.00,-2.40,+1.000,+0.239,+0.046,30.0
1785506301.1409,2026-07-31T09:58:21.140,8.042,0.6373,0.5000,+0.1373,22.35,20.00,-2.35,+1.000,+0.228,+0.046,30.0
1785506301.2395,2026-07-31T09:58:21.239,8.141,0.6360,0.5000,+0.1360,22.29,20.00,-2.29,+1.000,+0.231,+0.045,30.0
1785506301.3383,2026-07-31T09:58:21.338,8.240,0.6340,0.5000,+0.1340,22.20,20.00,-2.20,+1.000,+0.232,+0.045,30.0
1785506301.4387,2026-07-31T09:58:21.438,8.340,0.6312,0.5000,+0.1312,21.92,20.00,-1.92,+1.000,+0.232,+0.000,30.0
1785506301.5377,2026-07-31T09:58:21.537,8.439,0.6265,0.5000,+0.1265,21.84,20.00,-1.84,+1.000,+0.228,+0.000,30.0
1785506301.6368,2026-07-31T09:58:21.636,8.538,0.6337,0.5000,+0.1337,21.91,20.00,-1.91,+1.000,+0.247,+0.000,30.0
1785506301.7354,2026-07-31T09:58:21.735,8.637,0.6219,0.5000,+0.1219,22.34,20.00,-2.34,+1.000,+0.228,+0.043,30.0
1785506301.8352,2026-07-31T09:58:21.835,8.737,0.6217,0.5000,+0.1217,22.63,20.00,-2.63,+1.000,+0.233,+0.049,30.0
1785506301.9347,2026-07-31T09:58:21.934,8.836,0.6210,0.5000,+0.1210,22.79,20.00,-2.79,+1.000,+0.236,+0.053,30.0
1785506302.0334,2026-07-31T09:58:22.033,8.935,0.5967,0.5000,+0.0967,22.60,20.00,-2.60,+1.000,+0.192,+0.051,30.0
1785506302.1324,2026-07-31T09:58:22.132,9.034,0.5985,0.5000,+0.0985,22.41,20.00,-2.41,+1.000,+0.199,+0.048,30.0
1785506302.2331,2026-07-31T09:58:22.233,9.135,0.5885,0.5000,+0.0885,21.88,20.00,-1.88,+1.000,+0.183,+0.000,30.0
1785506302.3333,2026-07-31T09:58:22.333,9.235,0.5917,0.5000,+0.0917,21.62,20.00,-1.62,+1.000,+0.193,+0.000,30.0
1785506302.4331,2026-07-31T09:58:22.433,9.335,0.5821,0.5000,+0.0821,21.55,20.00,-1.55,+1.000,+0.178,+0.000,30.0
1785506302.5341,2026-07-31T09:58:22.534,9.436,0.5787,0.5000,+0.0787,22.04,20.00,-2.04,+1.000,+0.174,+0.037,30.0
1785506302.6352,2026-07-31T09:58:22.635,9.537,0.5787,0.5000,+0.0787,22.44,20.00,-2.44,+1.000,+0.177,+0.045,30.0
1785506302.7336,2026-07-31T09:58:22.733,9.635,0.5749,0.5000,+0.0749,23.34,20.00,-3.34,+1.000,+0.173,+0.062,30.0
1785506302.8324,2026-07-31T09:58:22.832,9.734,0.5758,0.5000,+0.0758,23.90,20.00,-3.90,+1.000,+0.177,+0.074,30.0
1785506302.9318,2026-07-31T09:58:22.931,9.833,0.5637,0.5000,+0.0637,25.23,20.00,-5.23,+1.000,+0.156,+0.100,30.0
1785506303.0310,2026-07-31T09:58:23.031,9.933,0.5590,0.5000,+0.0590,26.17,20.00,-6.17,+1.000,+0.149,+0.119,30.0
1785506303.1300,2026-07-31T09:58:23.130,10.032,0.5485,0.5000,+0.0485,26.43,20.00,-6.43,+1.000,+0.130,+0.126,30.0
1785506303.2288,2026-07-31T09:58:23.228,10.130,0.5386,0.5000,+0.0386,26.61,20.00,-6.61,+1.000,+0.112,+0.132,30.0
1785506303.3284,2026-07-31T09:58:23.328,10.230,0.5434,0.5000,+0.0434,26.60,20.00,-6.60,+1.000,+0.123,+0.135,30.0
1785506303.4276,2026-07-31T09:58:23.427,10.329,0.5339,0.5000,+0.0339,26.45,20.00,-6.45,+1.000,+0.106,+0.134,30.0
1785506303.5268,2026-07-31T09:58:23.526,10.428,0.5141,0.5000,+0.0141,26.22,20.00,-6.22,+1.000,+0.067,+0.133,30.0
1785506303.6258,2026-07-31T09:58:23.625,10.527,0.5137,0.5000,+0.0137,26.01,20.00,-6.01,+1.000,+0.066,+0.132,30.0
1785506303.7250,2026-07-31T09:58:23.725,10.627,0.4949,0.5000,-0.0051,25.38,20.00,-5.38,+1.000,+0.029,+0.122,30.0
1785506303.8247,2026-07-31T09:58:23.824,10.726,0.4988,0.5000,-0.0012,25.03,20.00,-5.03,+1.000,+0.036,+0.118,30.0
1785506303.9238,2026-07-31T09:58:23.923,10.825,0.4881,0.5000,-0.0119,24.56,20.00,-4.56,+1.000,+0.015,+0.112,30.0
1785506304.0228,2026-07-31T09:58:24.022,10.924,0.5006,0.5000,+0.0006,24.39,20.00,-4.39,+1.000,+0.040,+0.110,30.0
1785506304.1219,2026-07-31T09:58:24.121,11.023,0.4590,0.5000,-0.0410,24.14,20.00,-4.14,+1.000,-0.044,+0.107,30.0
1785506304.2217,2026-07-31T09:58:24.221,11.123,0.4743,0.5000,-0.0257,23.80,20.00,-3.80,+1.000,-0.014,+0.103,30.0
1785506304.3212,2026-07-31T09:58:24.321,11.223,0.4705,0.5000,-0.0295,23.60,20.00,-3.60,+1.000,-0.023,+0.101,30.0
1785506304.4201,2026-07-31T09:58:24.420,11.322,0.4573,0.5000,-0.0427,23.15,20.00,-3.15,+1.000,-0.051,+0.094,30.0
1785506304.5188,2026-07-31T09:58:24.518,11.420,0.4595,0.5000,-0.0405,22.90,20.00,-2.90,+1.000,-0.048,+0.091,30.0
1785506304.6175,2026-07-31T09:58:24.617,11.519,0.4486,0.5000,-0.0514,22.31,20.00,-2.31,+1.000,-0.072,+0.081,30.0
1785506304.7165,2026-07-31T09:58:24.716,11.618,0.4407,0.5000,-0.0593,21.58,20.00,-1.58,+1.000,-0.090,+0.000,30.0
1785506304.8155,2026-07-31T09:58:24.815,11.717,0.4344,0.5000,-0.0656,21.33,20.00,-1.33,+1.000,-0.105,+0.000,30.0
1785506304.9149,2026-07-31T09:58:24.915,11.817,0.4345,0.5000,-0.0655,21.15,20.00,-1.15,+1.000,-0.107,+0.000,30.0
1785506305.0141,2026-07-31T09:58:25.014,11.916,0.4417,0.5000,-0.0583,21.15,20.00,-1.15,+1.000,-0.095,+0.000,30.0
1785506305.1133,2026-07-31T09:58:25.113,12.015,0.4302,0.5000,-0.0698,21.13,20.00,-1.13,+1.000,-0.121,+0.000,30.0
1785506305.2119,2026-07-31T09:58:25.212,12.114,0.4292,0.5000,-0.0708,21.19,20.00,-1.19,+1.000,-0.126,+0.000,30.0
1785506305.3106,2026-07-31T09:58:25.310,12.212,0.4276,0.5000,-0.0724,21.19,20.00,-1.19,+1.000,-0.132,+0.000,30.0
1785506305.4104,2026-07-31T09:58:25.410,12.312,0.4298,0.5000,-0.0702,21.31,20.00,-1.31,+1.000,-0.130,+0.000,30.0
1785506305.5100,2026-07-31T09:58:25.510,12.412,0.4320,0.5000,-0.0680,21.43,20.00,-1.43,+1.000,-0.128,+0.000,30.0
1785506305.6087,2026-07-31T09:58:25.608,12.510,0.4328,0.5000,-0.0672,21.59,20.00,-1.59,+1.000,-0.130,+0.000,30.0
1785506305.7104,2026-07-31T09:58:25.710,12.612,0.4130,0.5000,-0.0870,21.81,20.00,-1.81,+1.000,-0.172,+0.000,30.0
1785506305.8105,2026-07-31T09:58:25.810,12.712,0.4182,0.5000,-0.0818,21.86,20.00,-1.86,+1.000,-0.166,+0.000,30.0
1785506305.9106,2026-07-31T09:58:25.910,12.812,0.4130,0.5000,-0.0870,22.17,20.00,-2.17,+1.000,-0.179,+0.040,30.0
1785506306.0112,2026-07-31T09:58:26.011,12.913,0.4247,0.5000,-0.0753,22.25,20.00,-2.25,+1.000,-0.159,+0.042,30.0
1785506306.1104,2026-07-31T09:58:26.110,13.012,0.4204,0.5000,-0.0796,22.26,20.00,-2.26,+1.000,-0.171,+0.043,30.0
1785506306.2086,2026-07-31T09:58:26.208,13.110,0.4196,0.5000,-0.0804,22.12,20.00,-2.12,+1.000,-0.175,+0.042,30.0
1785506306.3077,2026-07-31T09:58:26.307,13.209,0.4082,0.5000,-0.0918,22.00,20.00,-2.00,+1.000,-0.202,+0.000,30.0
1785506306.4068,2026-07-31T09:58:26.406,13.308,0.4170,0.5000,-0.0830,21.89,20.00,-1.89,+1.000,-0.188,+0.000,30.0
1785506306.5060,2026-07-31T09:58:26.506,13.408,0.4092,0.5000,-0.0908,21.96,20.00,-1.96,+1.000,-0.207,+0.000,30.0
1785506306.6048,2026-07-31T09:58:26.604,13.506,0.4024,0.5000,-0.0976,22.12,20.00,-2.12,+1.000,-0.224,+0.039,30.0
1785506306.7053,2026-07-31T09:58:26.705,13.607,0.4023,0.5000,-0.0977,22.28,20.00,-2.28,+1.000,-0.229,+0.043,30.0
1785506306.8040,2026-07-31T09:58:26.804,13.706,0.4040,0.5000,-0.0960,22.37,20.00,-2.37,+1.000,-0.229,+0.045,30.0
