t_epoch,iso_time,t_elapsed_s,seq,tag_id,tag_distance_m,tag_under_1m,tag_count,det_seq,det_t_epoch,det_age_ms,depth_m,yaw_deg,depth_raw_m,yaw_raw_deg,sensors_ok,throttle_pct,mode,surge_cmd,strafe_cmd,heave_cmd,yaw_cmd,light_pwm,led_flashing,flash_frame
1785509438.5507,2026-07-31T10:50:38.550,0.048,1,,,,0,,,,,,,,0,20.0,idle,+0.000,+0.000,+0.000,+0.000,1100,0,
1785509438.6501,2026-07-31T10:50:38.650,0.148,2,,,,0,,,,-0.1511,160.98,-0.1511,-559.02,1,20.0,idle,+0.000,+0.000,+0.000,+0.000,1100,0,
1785509438.7502,2026-07-31T10:50:38.750,0.248,3,,,,0,,,,-0.1506,160.97,-0.1506,-559.03,1,20.0,idle,+0.000,+0.000,+0.000,+0.000,1100,0,
1785509438.8492,2026-07-31T10:50:38.849,0.347,4,,,,0,,,,-0.1483,160.95,-0.1483,-559.05,1,20.0,idle,+0.000,+0.000,+0.000,+0.000,1100,0,
1785509438.9482,2026-07-31T10:50:38.948,0.446,5,,,,0,,,,-0.1477,160.93,-0.1477,-559.07,1,20.0,idle,+0.000,+0.000,+0.000,+0.000,1100,0,
1785509439.0473,2026-07-31T10:50:39.047,0.545,6,,,,0,,,,-0.1480,160.91,-0.1480,-559.09,1,20.0,idle,+0.000,+0.000,+0.000,+0.000,1100,0,
1785509439.1459,2026-07-31T10:50:39.145,0.644,7,,,,0,,,,-0.1514,160.88,-0.1514,-559.12,1,20.0,idle,+0.000,+0.000,+0.000,+0.000,1100,0,
1785509439.2449,2026-07-31T10:50:39.244,0.743,8,,,,0,,,,-0.1481,160.87,-0.1481,-559.13,1,20.0,idle,+0.000,+0.000,+0.000,+0.000,1100,0,
1785509439.3442,2026-07-31T10:50:39.344,0.842,9,,,,0,,,,-0.1496,160.85,-0.1496,-559.15,1,20.0,idle,+0.000,+0.000,+0.000,+0.000,1100,0,
1785509439.4426,2026-07-31T10:50:39.442,0.940,10,,,,0,,,,-0.1482,160.83,-0.1482,-559.17,1,20.0,idle,+0.000,+0.000,+0.000,+0.000,1100,0,
1785509439.5423,2026-07-31T10:50:39.542,1.040,11,,,,0,,,,-0.1522,160.80,-0.1522,-559.20,1,20.0,idle,+0.000,+0.000,+0.000,+0.000,1100,0,
1785509439.6407,2026-07-31T10:50:39.640,1.138,12,,,,0,,,,-0.1517,160.79,-0.1517,-559.21,1,20.0,idle,+0.000,+0.000,+0.000,+0.000,1100,0,
1785509439.7402,2026-07-31T10:50:39.740,1.238,13,,,,0,,,,-0.1526,160.75,-0.1526,-559.25,1,20.0,idle,+0.000,+0.000,+0.000,+0.000,1100,0,
1785509439.8396,2026-07-31T10:50:39.839,1.337,14,,,,0,,,,-0.1474,160.71,-0.1474,-559.29,1,20.0,idle,+0.000,+0.000,+0.000,+0.000,1100,0,
1785509439.9390,2026-07-31T10:50:39.939,1.437,15,,,,0,,,,-0.1485,160.71,-0.1485,-559.29,1,20.0,idle,+0.000,+0.000,+0.000,+0.000,1100,0,
1785509440.0387,2026-07-31T10:50:40.038,1.536,16,,,,0,,,,-0.1484,160.68,-0.1484,-559.32,1,20.0,idle,+0.000,+0.000,+0.000,+0.000,1100,0,
1785509440.1392,2026-07-31T10:50:40.139,1.637,17,,,,0,,,,-0.1525,160.67,-0.1525,-559.33,1,20.0,idle,+0.000,+0.000,+0.000,+0.000,1100,0,
1785509440.2384,2026-07-31T10:50:40.238,1.736,18,,,,0,,,,-0.1484,160.65,-0.1484,-559.35,1,20.0,idle,+0.000,+0.000,+0.000,+0.000,1100,0,
1785509440.3376,2026-07-31T10:50:40.337,1.835,19,,,,0,,,,-0.1502,160.61,-0.1502,-559.39,1,20.0,idle,+0.000,+0.000,+0.000,+0.000,1100,0,
1785509440.4368,2026-07-31T10:50:40.436,1.935,20,,,,0,,,,-0.1482,160.59,-0.1482,-559.41,1,20.0,idle,+0.000,+0.000,+0.000,+0.000,1100,0,
1785509440.5363,2026-07-31T10:50:40.536,2.034,21,,,,0,,,,-0.1512,160.57,-0.1512,-559.43,1,20.0,idle,+0.000,+0.000,+0.000,+0.000,1100,0,
1785509440.6355,2026-07-31T10:50:40.635,2.133,22,,,,0,,,,-0.1506,160.55,-0.1506,-559.45,1,20.0,idle,+0.000,+0.000,+0.000,+0.000,1100,0,
1785509440.7354,2026-07-31T10:50:40.735,2.233,23,,,,0,,,,-0.1483,160.53,-0.1483,-559.47,1,20.0,idle,+0.000,+0.000,+0.000,+0.000,1100,0,
1785509440.8354,2026-07-31T10:50:40.835,2.333,24,,,,0,,,,-0.1496,160.51,-0.1496,-559.49,1,20.0,idle,+0.000,+0.000,+0.000,+0.000,1100,0,
1785509440.9350,2026-07-31T10:50:40.935,2.433,25,,,,0,,,,-0.1466,160.49,-0.1466,-559.51,1,20.0,idle,+0.000,+0.000,+0.000,+0.000,1100,0,
1785509441.0343,2026-07-31T10:50:41.034,2.532,26,,,,0,,,,-0.1512,160.46,-0.1512,-559.54,1,20.0,idle,+0.000,+0.000,+0.000,+0.000,1100,0,
1785509441.1334,2026-07-31T10:50:41.133,2.631,27,,,,0,,,,-0.1500,160.45,-0.1500,-559.55,1,20.0,idle,+0.000,+0.000,+0.000,+0.000,1100,0,
1785509441.2327,2026-07-31T10:50:41.232,2.730,28,,,,0,,,,-0.1484,160.42,-0.1484,-559.58,1,20.0,idle,+0.000,+0.000,+0.000,+0.000,1100,0,
1785509441.3326,2026-07-31T10:50:41.332,2.830,29,,,,0,,,,-0.1509,160.40,-0.1509,-559.60,1,20.0,idle,+0.000,+0.000,+0.000,+0.000,1100,0,
1785509441.4327,2026-07-31T10:50:41.432,2.930,30,,,,0,,,,-0.1489,160.37,-0.1489,-559.63,1,20.0,idle,+0.000,+0.000,+0.000,+0.000,1100,0,
1785509441.5332,2026-07-31T10:50:41.533,3.031,31,,,,0,,,,-0.1485,160.35,-0.1485,-559.65,1,20.0,idle,+0.000,+0.000,+0.000,+0.000,1100,0,
1785509441.6332,2026-07-31T10:50:41.633,3.131,32,,,,0,,,,-0.1492,160.33,-0.1492,-559.67,1,20.0,idle,+0.000,+0.000,+0.000,+0.000,1100,0,
1785509441.7322,2026-07-31T10:50:41.732,3.230,33,,,,0,,,,-0.1555,160.31,-0.1555,-559.69,1,20.0,idle,+0.000,+0.000,+0.000,+0.000,1100,0,
1785509441.8311,2026-07-31T10:50:41.831,3.329,34,,,,0,,,,-0.1519,160.30,-0.1519,-559.70,1,20.0,idle,+0.000,+0.000,+0.000,+0.000,1100,0,
1785509441.9295,2026-07-31T10:50:41.929,3.427,35,,,,0,,,,-0.1515,160.26,-0.1515,-559.74,1,20.0,idle,+0.000,+0.000,+0.000,+0.000,1100,0,
1785509442.0286,2026-07-31T10:50:42.028,3.526,36,,,,0,,,,-0.1512,160.24,-0.1512,-559.76,1,20.0,idle,+0.000,+0.000,+0.000,+0.000,1100,0,
1785509442.1286,2026-07-31T10:50:42.128,3.626,37,,,,0,,,,-0.1513,160.22,-0.1513,-559.78,1,20.0,idle,+0.000,+0.000,+0.000,+0.000,1100,0,
1785509442.2282,2026-07-31T10:50:42.228,3.726,38,,,,0,,,,-0.1488,160.19,-0.1488,-559.81,1,20.0,idle,+0.000,+0.000,+0.000,+0.000,1100,0,
1785509442.3280,2026-07-31T10:50:42.328,3.826,39,,,,0,,,,-0.1489,160.17,-0.1489,-559.83,1,20.0,idle,+0.000,+0.000,+0.000,+0.000,1100,0,
1785509442.4280,2026-07-31T10:50:42.428,3.926,40,,,,0,,,,-0.1480,160.15,-0.1480,-559.85,1,20.0,idle,+0.000,+0.000,+0.000,+0.000,1100,0,
1785509442.5265,2026-07-31T10:50:42.526,4.024,41,,,,0,,,,-0.1467,160.12,-0.1467,-559.88,1,20.0,idle,+0.000,+0.000,+0.000,+0.000,1100,0,
1785509442.6263,2026-07-31T10:50:42.626,4.124,42,,,,0,,,,-0.1487,160.12,-0.1487,-559.88,1,20.0,idle,+0.000,+0.000,+0.000,+0.000,1100,0,
1785509442.7268,2026-07-31T10:50:42.726,4.225,43,,,,0,,,,-0.1473,160.10,-0.1473,-559.90,1,20.0,idle,+0.000,+0.000,+0.000,+0.000,1100,0,
1785509442.8258,2026-07-31T10:50:42.825,4.324,44,,,,0,,,,-0.1466,160.09,-0.1466,-559.91,1,20.0,idle,+0.000,+0.000,+0.000,+0.000,1100,0,
1785509442.9251,2026-07-31T10:50:42.925,4.423,45,,,,0,,,,-0.1517,160.06,-0.1517,-559.94,1,20.0,idle,+0.000,+0.000,+0.000,+0.000,1100,0,
1785509443.0240,2026-07-31T10:50:43.024,4.522,46,,,,0,,,,-0.1522,160.04,-0.1522,-559.96,1,20.0,idle,+0.000,+0.000,+0.000,+0.000,1100,0,
1785509443.1224,2026-07-31T10:50:43.122,4.620,47,,,,0,,,,-0.1445,160.01,-0.1445,-559.99,1,20.0,idle,+0.000,+0.000,+0.000,+0.000,1100,0,
1785509443.2231,2026-07-31T10:50:43.223,4.721,48,,,,0,,,,-0.1508,159.98,-0.1508,-560.02,1,20.0,idle,+0.000,+0.000,+0.000,+0.000,1100,0,
1785509443.3217,2026-07-31T10:50:43.321,4.820,49,,,,0,,,,-0.1492,159.97,-0.1492,-560.03,1,20.0,idle,+0.000,+0.000,+0.000,+0.000,1100,0,
1785509443.4211,2026-07-31T10:50:43.421,4.919,50,,,,0,,,,-0.1515,159.95,-0.1515,-560.05,1,20.0,idle,+0.000,+0.000,+0.000,+0.000,1100,0,
1785509443.5216,2026-07-31T10:50:43.521,5.019,51,,,,0,,,,-0.1497,159.94,-0.1497,-560.06,1,20.0,idle,+0.000,+0.000,+0.000,+0.000,1100,0,
1785509443.6219,2026-07-31T10:50:43.621,5.120,52,,,,0,,,,-0.1485,159.92,-0.1485,-560.08,1,20.0,idle,+0.000,+0.000,+0.000,+0.000,1100,0,
1785509443.7204,2026-07-31T10:50:43.720,5.218,53,,,,0,,,,-0.1449,159.90,-0.1449,-560.10,1,20.0,idle,+0.000,+0.000,+0.000,+0.000,1100,0,
1785509443.8199,2026-07-31T10:50:43.819,5.318,54,,,,0,,,,-0.1476,159.88,-0.1476,-560.12,1,20.0,idle,+0.000,+0.000,+0.000,+0.000,1100,0,
1785509443.9189,2026-07-31T10:50:43.918,5.417,55,,,,0,,,,-0.1499,159.85,-0.1499,-560.15,1,20.0,idle,+0.000,+0.000,+0.000,+0.000,1100,0,
1785509444.0178,2026-07-31T10:50:44.017,5.516,56,,,,0,,,,-0.1496,159.83,-0.1496,-560.17,1,20.0,idle,+0.000,+0.000,+0.000,+0.000,1100,0,
1785509444.1165,2026-07-31T10:50:44.116,5.614,57,,,,0,,,,-0.1525,159.81,-0.1525,-560.19,1,20.0,idle,+0.000,+0.000,+0.000,+0.000,1100,0,
1785509444.2152,2026-07-31T10:50:44.215,5.713,58,,,,0,,,,-0.1477,159.80,-0.1477,-560.20,1,20.0,idle,+0.000,+0.000,+0.000,+0.000,1100,0,
1785509444.3150,2026-07-31T10:50:44.315,5.813,59,,,,0,,,,-0.1479,159.77,-0.1479,-560.23,1,20.0,idle,+0.000,+0.000,+0.000,+0.000,1100,0,
1785509444.4136,2026-07-31T10:50:44.413,5.911,60,,,,0,,,,-0.1507,159.73,-0.1507,-560.27,1,20.0,idle,+0.000,+0.000,+0.000,+0.000,1100,0,
1785509444.5133,2026-07-31T10:50:44.513,6.011,61,,,,0,,,,-0.1484,159.72,-0.1484,-560.28,1,20.0,idle,+0.000,+0.000,+0.000,+0.000,1100,0,
1785509444.6129,2026-07-31T10:50:44.612,6.111,62,,,,0,,,,-0.1484,159.69,-0.1484,-560.31,1,20.0,idle,+0.000,+0.000,+0.000,+0.000,1100,0,
1785509444.7118,2026-07-31T10:50:44.711,6.210,63,,,,0,,,,-0.1462,159.67,-0.1462,-560.33,1,20.0,idle,+0.000,+0.000,+0.000,+0.000,1100,0,
1785509444.8110,2026-07-31T10:50:44.811,6.309,64,,,,0,,,,-0.1490,159.63,-0.1490,-560.37,1,20.0,idle,+0.000,+0.000,+0.000,+0.000,1100,0,
1785509444.9110,2026-07-31T10:50:44.911,6.409,65,,,,0,,,,-0.1493,159.60,-0.1493,-560.40,1,20.0,idle,+0.000,+0.000,+0.000,+0.000,1100,0,
1785509445.0098,2026-07-31T10:50:45.009,6.508,66,,,,0,,,,-0.1514,159.59,-0.1514,-560.41,1,20.0,idle,+0.000,+0.000,+0.000,+0.000,1100,0,
1785509445.1085,2026-07-31T10:50:45.108,6.606,67,,,,0,,,,-0.1488,159.57,-0.1488,-560.43,1,20.0,idle,+0.000,+0.000,+0.000,+0.000,1100,0,
1785509445.2075,2026-07-31T10:50:45.207,6.705,68,,,,0,,,,-0.1539,159.56,-0.1539,-560.44,1,20.0,idle,+0.000,+0.000,+0.000,+0.000,1100,0,
1785509445.3061,2026-07-31T10:50:45.306,6.804,69,,,,0,,,,-0.1474,159.53,-0.1474,-560.47,1,20.0,idle,+0.000,+0.000,+0.000,+0.000,1100,0,
1785509445.4055,2026-07-31T10:50:45.405,6.903,70,,,,0,,,,-0.1450,159.50,-0.1450,-560.50,1,20.0,idle,+0.000,+0.000,+0.000,+0.000,1100,0,
1785509445.5057,2026-07-31T10:50:45.505,7.003,71,,,,0,,,,-0.1494,159.49,-0.1494,-560.51,1,20.0,idle,+0.000,+0.000,+0.000,+0.000,1100,0,
1785509445.6056,2026-07-31T10:50:45.605,7.103,72,,,,0,,,,-0.1473,159.46,-0.1473,-560.54,1,20.0,idle,+0.000,+0.000,+0.000,+0.000,1100,0,
1785509445.7056,2026-07-31T10:50:45.705,7.203,73,,,,0,,,,-0.1464,159.45,-0.1464,-560.55,1,20.0,idle,+0.000,+0.000,+0.000,+0.000,1100,0,
1785509445.8045,2026-07-31T10:50:45.804,7.302,74,,,,0,,,,-0.1549,159.42,-0.1549,-560.58,1,20.0,idle,+0.000,+0.000,+0.000,+0.000,1100,0,
1785509445.9047,2026-07-31T10:50:45.904,7.402,75,,,,0,,,,-0.1466,159.39,-0.1466,-560.61,1,20.0,idle,+0.000,+0.000,+0.000,+0.000,1100,0,
1785509446.0047,2026-07-31T10:50:46.004,7.503,76,,,,0,,,,-0.1547,159.38,-0.1547,-560.62,1,20.0,idle,+0.000,+0.000,+0.000,+0.000,1100,0,
1785509446.1043,2026-07-31T10:50:46.104,7.602,77,,,,0,,,,-0.1497,159.35,-0.1497,-560.65,1,20.0,idle,+0.000,+0.000,+0.000,+0.000,1100,0,
1785509446.2035,2026-07-31T10:50:46.203,7.701,78,,,,0,,,,-0.1499,159.33,-0.1499,-560.67,1,20.0,idle,+0.000,+0.000,+0.000,+0.000,1100,0,
1785509446.3023,2026-07-31T10:50:46.302,7.800,79,,,,0,,,,-0.1494,159.31,-0.1494,-560.69,1,20.0,idle,+0.000,+0.000,+0.000,+0.000,1100,0,
1785509446.4026,2026-07-31T10:50:46.402,7.900,80,,,,0,,,,-0.1479,159.29,-0.1479,-560.71,1,20.0,idle,+0.000,+0.000,+0.000,+0.000,1100,0,
1785509446.5012,2026-07-31T10:50:46.501,7.999,81,,,,0,,,,-0.1504,159.26,-0.1504,-560.74,1,20.0,idle,+0.000,+0.000,+0.000,+0.000,1100,0,
1785509446.6009,2026-07-31T10:50:46.600,8.099,82,,,,0,,,,-0.1503,159.23,-0.1503,-560.77,1,20.0,idle,+0.000,+0.000,+0.000,+0.000,1100,0,
1785509446.6997,2026-07-31T10:50:46.699,8.197,83,,,,0,,,,-0.1461,159.21,-0.1461,-560.79,1,20.0,idle,+0.000,+0.000,+0.000,+0.000,1100,0,
1785509446.7996,2026-07-31T10:50:46.799,8.297,84,,,,0,,,,-0.1500,159.19,-0.1500,-560.81,1,20.0,idle,+0.000,+0.000,+0.000,+0.000,1100,0,
